[
  {
    "id": "b50be9f8-1e00-4830-a672-1a9fe77e3791",
    "data": [
      {
        "text": "my name is ",
        "userDefined": false
      },
      {
        "text": "sofyan",
        "alias": "person",
        "meta": "@sys.person",
        "userDefined": true
      }
    ],
    "isTemplate": false,
    "count": 0,
    "updated": 0
  },
  {
    "id": "277b477e-42f2-452f-a8c2-3b9fcdadc727",
    "data": [
      {
        "text": "I am ",
        "userDefined": false
      },
      {
        "text": "bob",
        "alias": "person",
        "meta": "@sys.person",
        "userDefined": false
      }
    ],
    "isTemplate": false,
    "count": 0,
    "updated": 0
  }
]