[
  {
    "id": "79b0210f-6542-4c26-bf59-c4f9a2319d48",
    "data": [
      {
        "text": "I have a problem",
        "userDefined": false
      }
    ],
    "isTemplate": false,
    "count": 0,
    "updated": 0
  },
  {
    "id": "08749ec3-2293-4150-b9ae-65a8f5d44fb4",
    "data": [
      {
        "text": "I want to submit a ticket",
        "userDefined": false
      }
    ],
    "isTemplate": false,
    "count": 0,
    "updated": 0
  },
  {
    "id": "427398c9-e6bf-4c25-bdf1-abb3fbc6dc48",
    "data": [
      {
        "text": "Issue",
        "userDefined": false
      }
    ],
    "isTemplate": false,
    "count": 0,
    "updated": 0
  },
  {
    "id": "7e93f316-187d-4962-8436-088eb4186bd0",
    "data": [
      {
        "text": "problem",
        "userDefined": false
      }
    ],
    "isTemplate": false,
    "count": 0,
    "updated": 0
  },
  {
    "id": "90e18158-e64e-4c19-9012-4c91f89de42c",
    "data": [
      {
        "text": "Submit ticket",
        "userDefined": false
      }
    ],
    "isTemplate": false,
    "count": 0,
    "updated": 0
  },
  {
    "id": "892f04e2-6698-424f-9ddc-0fd49ab82479",
    "data": [
      {
        "text": "Ticker",
        "userDefined": false
      }
    ],
    "isTemplate": false,
    "count": 0,
    "updated": 0
  }
]