[
  {
    "id": "36fd4b9f-2079-4c93-95d5-b8107d474115",
    "data": [
      {
        "text": "phone broken",
        "userDefined": false
      }
    ],
    "isTemplate": false,
    "count": 0,
    "updated": 0
  },
  {
    "id": "22719161-1585-4fcd-afb7-bd59396d90b2",
    "data": [
      {
        "text": "my phone screen is broken",
        "userDefined": false
      }
    ],
    "isTemplate": false,
    "count": 0,
    "updated": 0
  },
  {
    "id": "a16c32bb-1fad-41dd-bc42-b515f119edf9",
    "data": [
      {
        "text": "nothing works",
        "userDefined": false
      }
    ],
    "isTemplate": false,
    "count": 0,
    "updated": 0
  },
  {
    "id": "7839980c-66e5-4881-bc5b-e07f69a46a6e",
    "data": [
      {
        "text": "My laptop won\u0027t start",
        "userDefined": false
      }
    ],
    "isTemplate": false,
    "count": 0,
    "updated": 0
  },
  {
    "id": "3fbae8f1-cd27-40ee-9a1e-7d7900a934e0",
    "data": [
      {
        "text": "Everything is hosed",
        "userDefined": false
      }
    ],
    "isTemplate": false,
    "count": 0,
    "updated": 0
  }
]